,월요 추천 웹툰TODAY : 2020.02.10,화요 추천 웹툰TODAY : 2020.02.11,수요 추천 웹툰TODAY : 2020.02.12,목요 추천 웹툰TODAY : 2020.02.13,금요 추천 웹툰TODAY : 2020.02.07,토요 추천 웹툰TODAY : 2020.02.08,일요 추천 웹툰TODAY : 2020.02.09
0,신의 탑  SIU    평점 9.94,여신강림  야옹이    평점 9.84,고수  류기운 / 문정후    평점 9.98,연애혁명  232    평점 9.88,외모지상주의  박태준    평점 9.46,용이산다  초    평점 9.77,싸움독학  박태준 / 김정현    평점 9.78
1,윈드브레이커  조용석    평점 9.90,마음의소리  조석    평점 9.86,유미의 세포들  이동건    평점 9.93,좀비딸  이윤창    평점 9.97,갓 오브 하이...  박용제    평점 9.68,호랑이형님  이상규    평점 9.98,열렙전사  김세훈    평점 9.95
2,인생존망  박태준 / 전선욱    평점 9.87,랜덤채팅의 그...  박은혁    평점 9.74,복학왕  기안84    평점 9.20,더 복서  정지훈    평점 9.94,스위트홈  김칸비 / 황영찬    평점 9.98,프리드로우  전선욱    평점 9.90,약한영웅  서패스 / 김진석    평점 9.92
3,평범한 8반  영파카    평점 9.85,사이드킥 2~3  신의철    평점 9.97,연놈  상하    평점 9.92,최강전설 강해효  최병열    평점 9.66,이제 곧 죽습...  이원식 / 꿀찬    평점 9.56,유미의 세포들  이동건    평점 9.93,마법스크롤 상...  엄재경 / 호패    평점 9.97
4,귀전구담  QTT    평점 9.98,신도림  오세형    평점 9.96,헬퍼 2 : ...  삭    평점 9.90,이두나!  민송아    평점 9.97,더 게이머  성상영 / 상아    평점 8.61,회춘  기안84    평점 9.81,맘마미안  미티 / 구구    평점 9.97
5,백수세끼  치즈    평점 9.89,원주민 공포만화  원주민    평점 9.93,세상은 돈과 ...  한동우 / 이도희    평점 9.88,전자오락수호대  가스파드    평점 9.97,테러맨  한동우 / 고진호    평점 9.96,비질란테  CRG / 김규삼    평점 9.98,다이스(DIC...  윤현석    평점 9.46
6,용비불패 완전판  류기운 / 문정후    평점 9.98,신의 언어  장래혁    평점 9.78,용비불패 완전판  류기운 / 문정후    평점 9.98,간 떨어지는 ...  나    평점 9.98,닥터 프로스트...  이종범    평점 9.97,취사병 전설이...  제이로빈 / 이진수    평점 9.96,마루한 - 구...  박성우    평점 9.89
7,니편내편  미티    평점 9.92,사신소년  류    평점 9.94,격기3반  이학    평점 9.55,하드캐리  조양    평점 9.91,1초  시니 / 광운    평점 9.98,스터디그룹  신형욱 / 유승연    평점 9.95,돼지우리  김칸비 / 천범식    평점 9.87
8,악취  디귿    평점 9.91,빙탕후루  장희 / 주호민    평점 9.97,레사 시즌2~3  POGO    평점 9.96,쿠베라  카레곰    평점 9.96,용비불패 완전판  류기운 / 문정후    평점 9.98,나이트런  김성민    평점 9.94,검은인간  이저녁    평점 9.98
9,칼가는 소녀  오리    평점 9.97,하루만 네가 ...  삼    평점 9.98,고삼무쌍  B급달궁 / 하마    평점 9.94,화이트 블러드  임리나    평점 9.96,재혼 황후  알파타르트 / 숨풀    평점 9.94,노곤하개  홍끼    평점 9.98,도망자  신영우    평점 9.91
10,장씨세가 호위...  조형근 / 김인호    평점 9.96,노곤하개  홍끼    평점 9.98,이츠마인  럭스    평점 9.97,가담항설  랑또    평점 9.98,화장 지워주는...  이연    평점 9.93,윌유메리미  마인드C    평점 9.93,호랭총각  강호진    평점 9.90
11,링크보이  광진 / 두엽    평점 9.90,은주의 방 2...  노란구미    평점 9.94,언덕 위의 제...  쿠당탕    평점 9.92,겟백  세윤    평점 9.98,걸어서 30분  이온도    평점 9.98,민간인 통제구역  OSIK    평점 9.94,닭강정  박지독    평점 9.62
12,이것도 친구라고  제야    평점 9.95,윌유메리미  마인드C    평점 9.93,그래서 나는 ...  재림    평점 9.95,병의 기록  베어리    평점 9.82,삼국지톡  무적핑크 / 이리    평점 9.96,어글리후드  미애    평점 9.98,내일  라마    평점 9.98
13,히어로메이커  빤쓰    평점 9.96,에이머  구동인    평점 9.78,아도나이  주동근    평점 9.94,만물의 영장  보민    평점 9.98,금붕어  명랑 / 애풍    평점 9.96,우리 오빠는 ...  성은    평점 9.92,구름이 피워낸...  비온후    평점 9.98
14,마왕이 되는 ...  38    평점 9.94,삼국지톡  무적핑크 / 이리    평점 9.96,얼굴천재  지에이    평점 9.85,이계 무슨 황비  전현서 / 은영    평점 9.97,난약  정현주 / 박진환    평점 9.95,초인의 시대  섭이    평점 9.96,스퍼맨: 현자...  하일권    평점 9.94
15,아는 여자애  허니비    평점 9.97,중증외상센터 ...  한산이가 / 홍비치라    평점 9.95,귀곡의 문  삼촌    평점 9.99,불릿 6미리  김도근    평점 9.68,트럼프  이채은    평점 9.97,언데드  김우준    평점 9.83,행성인간  조석    평점 9.94
16,교환일기  한끼룩    평점 9.93,악마와 계약연애  장진 / 움비    평점 9.98,판타지 여동생!  유누    평점 9.82,어쩔꼰대  강선율 / Jencil    평점 9.87,냐한남자  올소    평점 9.98,먹이  외눈박이 / 박수봉    평점 9.98,극야  운 / 한 큰빛    평점 9.96
17,신을 죽이는 ...  나락 / 바밤    평점 9.97,제로게임  즐바센    평점 9.97,모죠의 일지  모죠    평점 9.98,아이키우는만화  쇼쇼    평점 9.61,현혹  홍작가    평점 9.97,갓핑크  이상신 / 국중록    평점 9.96,호러전파상  봄소희 / 김선희    평점 9.68
18,요리GO  HO9    평점 9.92,열정호구  솔뱅이    평점 9.92,여주실격!  기맹기    평점 9.96,당신의 과녁  고태호    평점 9.93,몽홀  장태산    평점 9.93,모죠의 일지  모죠    평점 9.98,합격시켜주세용  이온    평점 9.99
19,아이키우는만화  쇼쇼    평점 9.61,자판귀  윤정민    평점 9.96,원수를 사랑하라  정윤 / 태건    평점 9.95,가타부타타  숭어    평점 9.96,복학생 정순이  한짜장    평점 9.96,나를 바꿔줘  이지호 / 호띠    평점 9.78,인싸라이프  힐링달    평점 9.00
20,데드라이프  후렛샤 / 임진국    평점 9.86,하우스키퍼  채용택 / 유현    평점 9.97,일렉시드  손제호 / 제나    평점 9.54,안개무덤  김태영    평점 9.94,도롱이  사이사    평점 9.92,두번째 생일  스프링    평점 9.93,인어를 위한 ...  용찬    평점 9.98
21,일진이 사나워  강환영 / 김현아    평점 9.77,문래빗  이난    평점 9.97,그 판타지 세...  촌장    평점 9.98,아르마  병장    평점 9.96,골든 체인지  브림스    평점 9.98,탑코너  윤성 / 라군    평점 9.82,마도  이밤    평점 9.72
22,첫사랑입니다만  산차    평점 9.92,어글리 피플즈  배사과    평점 9.75,갓물주  HD3    평점 9.91,셧업앤댄스  이은재    평점 9.96,구독금지  김이연    평점 9.94,친애하는 X  반지운    평점 9.97,강남도깨비  이경민 / 송준혁    평점 9.95
23,지구멸망버튼  박장고 / 신동구    평점 9.68,집이 없어  와난    평점 9.93,정순애 식당  아르몽    평점 9.98,무모협지  초신우    평점 9.95,가슴털 로망스  갸오오    평점 9.89,홍시는 날 좋...  강하다 / 웃는해    평점 9.98,닥터앤닥터 육...  닥터베르    평점 9.97
24,같은도장  이힝    평점 9.98,3cm 헌터  돌연변이    평점 9.91,방탈출  십박    평점 9.92,로그아웃  임목원    평점 9.91,하르모니아  YOON / JINU    평점 9.95,거미  모아이    평점 9.90,패밀리 사이즈  남지은 / 김인호    평점 9.97
25,꿈의 기업  문지현    평점 9.97,헬58  장성준    평점 9.94,캐슬  정연    평점 9.92,특수 영능력 ...  사다함    평점 9.55,소심한 팔레트  한민기    평점 9.97,공유몽  주신 / 유령선    평점 9.86,또한번 엔딩  타리    평점 9.87
26,위대한 방옥숙  매미 / 희세    평점 9.95,땅 보고 걷는...  다온    평점 9.95,203호 저승...  샤니    평점 9.91,킬더킹  마사토끼 / joana    평점 9.61,옆집친구  이한솔    평점 9.91,아홉수 우리들  수박양    평점 9.98,괴물신부  상범 / 스테익    평점 9.94
27,삶이 우리를 ...  김지수    평점 9.92,정년이  서이레 / 나몬    평점 9.98,씬커  권혁주    평점 9.54,트롤트랩  유비    평점 9.96,9등급 뒤집기  아백    평점 8.22,여고전설  어스문 / 이제스    평점 8.17,오로지 너를 ...  아마도지 / 사삭    평점 9.96
28,피플  서승준 / 손창균    평점 9.89,킬링타임  혼    평점 9.94,칼부림  고일권    평점 9.90,미드나잇 체이서  석재윤    평점 9.70,금혼령-조선혼...  천지혜 / 산책    평점 9.95,동토의 여명  김정휘    평점 9.93,내 어린고양이...  초    평점 9.91
29,닥터 하운드  아루아니 / 레임    평점 9.98,피와 살  황준호    평점 9.96,커넥트  신대성    평점 9.59,깁스맨  맹물    평점 9.88,고래별  나윤희    평점 9.98,열불 로맨스  홍치    평점 9.95,꽃 피는 날  두루    평점 9.95
30,앵무살수  김성진    평점 9.92,견우와 선녀  안수민    평점 9.96,럭키언럭키  가천가    평점 9.91,롤랑롤랑  자유    평점 9.99,소녀 연대기  지님    평점 9.95,2인용 인간  WONDER    평점 9.93,평행도시  고다    평점 9.95
31,정보전사 202  이작가    평점 7.82,패밀리 사이즈  남지은 / 김인호    평점 9.97,닥터앤닥터 육...  닥터베르    평점 9.97,셈하는 사이  면지    평점 9.95,자취로운 생활  츄카피    평점 9.96,고인의 명복  조주희 / 유노    평점 9.98,선녀야 야옹해...  햄톨탱크    평점 9.76
32,지옥  연상호 / 최규석    평점 9.63,그놈은 흑염룡  혜진양    평점 9.97,오라존미  허5파6    평점 9.98,겟라이프  MOOHAK    평점 9.83,사우러스  이노    평점 9.78,틴맘  theterm    평점 5.98,웅이는 배고파  박웅    평점 9.72
33,요괴대전  강두식 / 장부규    평점 9.72,숲속의 담  다홍    평점 9.98,오버더문  포르토 / 이승준    평점 9.94,모퉁이 뜨개방  소영    평점 9.99,"꽃미남 저승사자  사지현, 히어리 / 쌍필    평점 9.88",피라미드 게임  달꼬냑    평점 9.82,점핑오버  조니조 / 서사야    평점 9.94
34,내 어린고양이...  초    평점 9.91,올가미  해무리    평점 9.93,자취로운 생활  츄카피    평점 9.96,오일머니  정하용 / 펜촉    평점 9.95,감히  희나리    평점 9.72,우주최강대스타  젤리피쉬 / 도힌이    평점 8.52,무주의 맹시  마누비    평점 9.97
35,하슬라  까를로스 / 유상진    평점 9.94,저세상 클라스!  꾀돌이    평점 9.96,내 어린고양이...  초    평점 9.91,손아귀  황정훈    평점 9.88,후덜덜덜 남극...  김민혁    평점 9.93,유령극단  LICO    평점 9.94,라일락 200%  아니영    평점 9.92
36,중독연구소  김택기    평점 9.73,낢과 여정이의...  서나래    평점 9.85,어쩐지 수상하...  디기사 / 두둥    평점 9.76,밤하늘에 구름운  견지 / 그리온    평점 9.96,버그  해마 / 송지형    평점 6.08,머리카락을 뽑...  이다몽    평점 9.93,별이삼샵  혀노    평점 9.91
37,모락모락 왕세...  원해    평점 9.93,아이고 아이고  하모    평점 9.85,텃밭부 사건일지  오이츄    평점 9.98,스테어스  옹구    평점 9.08,사냥개들  정회주    평점 9.62,압락사스  247    평점 9.74,오늘도 사랑하...  하찌    평점 9.96
38,물레  고긱    평점 9.68,참새는 새!신부  99C / 백도    평점 9.96,밀웜  쿼시    평점 9.84,방 안의 코끼리  고요    평점 9.98,구원자  이한빈 / 산산    평점 7.65,두근두근 마감...  연두 / 송이    평점 9.25,가비지타임  2사장    평점 9.96
39,사소한 냐냐  LICO    평점 9.89,안식의 밤  연제원    평점 9.93,나의 우주  공이 / 김문경    평점 9.94,갓도령스  도로롱    평점 9.95,대표님이 구독...  신지원 / 한혜린    평점 9.40,마음의 숙제  고아라    평점 9.98,Here U ...  D JUN    평점 9.59
40,인간의 온도  이재익 / 양세준    평점 9.90,너에게만 보이는  소소만    평점 9.97,기억흔적  브라보 장    평점 9.78,날 가져요  로즈빈 / 원펀치래빗    평점 9.92,꼬맹이를 부탁...  마라링    평점 9.95,천사가 아니야  박유나 / 표류    평점 9.95,타인의 로맨스  호욱 / 만찐    평점 9.94
41,블루투스  국승원    평점 9.56,그날 죽은 나는  이언    평점 9.96,푸른사막 아아루  달꽃    평점 9.97,네트를 넘어 V  박현수    평점 9.15,합법해적 파르페  뼈피살    평점 9.95,도사 가온  김상민    평점 9.86,위험한 신입사원  박수정 / Jiya    평점 9.60
42,뱀파이어의 꽃  카나리아 / 동물    평점 9.83,블랙엔젤  meen / 이동현    평점 9.64,FM보이  육일공    평점 9.95,사소한 냐냐  LICO    평점 9.89,"열렬하게, 단...  RAN    평점 9.79",먹지마세요  노도 / 비버    평점 9.95,8월의 눈보라  김리아    평점 9.29
43,플랫다이어리  임현    평점 9.98,별종  이무기    평점 9.89,신선비  이서현    평점 9.88,열등의 조건  또이    평점 9.88,신상 미스터리...  신상윤    평점 9.77,법대로 사랑하라  노승아 / 일리    평점 9.33,그녀의 버킷리...  황양 / 솦    평점 9.93
44,여기 악마가 ...  맷집왕    평점 9.90,조선홍보대행사...  김양수    평점 9.86,로베스의 완전...  정샛별    평점 9.97,루시퍼의 경호원  문설희 / 직선    평점 9.53,하루  오늘    평점 9.77,왕세자 입학도  무번    평점 9.92,만찢남녀  님니    평점 9.96
45,,장단에 맞춰줘!  햇님    평점 9.68,귀신이지만 사...  엔엔 / 오제이    평점 9.90,,,어른의 계절  선홍달    평점 9.86,속삭이는 e로...  최경아    평점 9.89
46,,,저승사자 출입...  심웅섭    평점 9.89,,,,갓!김치  김민우    평점 7.26
47,,,,,,,호곡  감대    평점 9.13
